"SI_ml","SI_sdlog","SI2_ml","SI2_sdlog","SI_shape","SI_scale","SI2_shape","SI2_scale"
2.84945778951143,0.965855874563086,3.73993014014239,0.725823454638271,1.14810073992783,24.6919741935004,2.00743638698923,27.4456129841915
